English Text,Model,Language,Application Translation,Google Translate Translation,BLEU Score,METEOR Score,Fluency Score,Word Matching Percentage
"15+ years track record 125,500 people already found a broker via this tool! Mutual funds are available Best futures brokers Access to archived threads is only available to registered users. Without this, we can only keep them for you for 1 month. across [dataPoints]+ criteria Alternatives to [brokerName] Available in [countryName] Best forex brokers Best stock trading apps BrokerChooser Awards [year] Broker is not available in [countryTheName] Calculate stock trade commission at various brokers. Check out the best brokers in [country] Complete Find My Broker questionnaire FX Fee Calculator Scam brokers to avoid [Broker name] [param name] fees are about half of the industry average. [firstBrokerName] vs [secondBrokerName] compared [number] available broker in [countryName] [number] people picked this broker at BrokerChooser in the last 6 months [param name] fees are calculated as follows: [param description] [popularity] people chose this broker",OpenAI,Spanish,"¡Más de 15 años de experiencia! ¡125,500 personas ya encontraron un corredor a través de esta herramienta! Fondos mutuos disponibles Mejores corredores de futuros El acceso a hilos archivados solo está disponible para usuarios registrados. Sin esto, solo podemos guardarlos para ti durante 1 mes. en [dataPoints]+ criterios Alternativas a [brokerName] Disponibles en [countryName] Mejores corredores de forex Mejores aplicaciones de trading de acciones Premios BrokerChooser [year] El corredor no está disponible en [countryTheName] Calcular la comisión de negociación de acciones en varios corredores. ¡Echa un vistazo a los mejores corredores en [country] Completa el cuestionario Find My Broker Calculadora de tarifas FX Corredores estafadores a evitar [Broker name] Las tarifas de [param name] son aproximadamente la mitad del promedio de la industria. [firstBrokerName] vs [secondBrokerName] comparado [number] corredor disponible en [countryName] [number] personas eligieron este corredor en BrokerChooser en los últimos 6 meses Las tarifas de [param name] se calculan de la siguiente manera: [param description] [popularity] personas eligieron este corredor","¡Más de 15 años rastrean 125,500 personas ya encontraron un corredor a través de esta herramienta! Los fondos mutuos están disponibles para los mejores corredores de futuros, el acceso a los hilos archivados solo está disponible para usuarios registrados. Sin esto, solo podemos mantenerlos para usted durante 1 mes. A través de [DataPoints]+ alternativas de criterios a [Brokername] disponibles en [CountryName] Best Forex Brokers Mejores premios BrokerCooser de aplicaciones de comercio de acciones [año] Broker no está disponible en [Countrythename] Calcule la comisión de comercio de valores en varios corredores. Consulte a los mejores corredores en [país] Complete Encuentre el cuestionario de mi corredor FX FX CALET CALCLUTORS BROKERS para evitar [las tarifas de [nombre de parámetro] son ​​aproximadamente la mitad del promedio de la industria. [FirstBrokername] vs [Secondbrokername] Comparado [Número] Broker disponible en [CountryName] [Número] Las personas eligieron a este corredor en BrokerChooser en los últimos 6 meses [Nombre de parámetro] Las tarifas se calculan de la siguiente manera: [Descripción de parámetro] [Popularidad] People eligió este corredor",0.4849241253864891,0.718152353354892,0.9759615384615384,0.7904761904761904
"15+ years track record 125,500 people already found a broker via this tool! Mutual funds are available Best futures brokers Access to archived threads is only available to registered users. Without this, we can only keep them for you for 1 month. across [dataPoints]+ criteria Alternatives to [brokerName] Available in [countryName] Best forex brokers Best stock trading apps BrokerChooser Awards [year] Broker is not available in [countryTheName] Calculate stock trade commission at various brokers. Check out the best brokers in [country] Complete Find My Broker questionnaire FX Fee Calculator Scam brokers to avoid [Broker name] [param name] fees are about half of the industry average. [firstBrokerName] vs [secondBrokerName] compared [number] available broker in [countryName] [number] people picked this broker at BrokerChooser in the last 6 months [param name] fees are calculated as follows: [param description] [popularity] people chose this broker",OpenAI,French,"Plus de 15 ans de succès, 125 500 personnes ont déjà trouvé un courtier via cet outil ! Les fonds communs de placement sont disponibles. Meilleurs courtiers en contrats à terme. L'accès aux fils archivés n'est disponible que pour les utilisateurs enregistrés. Sans cela, nous ne pouvons les conserver pour vous que pendant 1 mois. selon [dataPoints]+ critères Alternatives à [brokerName] Disponibles en [countryName] Meilleurs courtiers forex Meilleures applications de trading d'actions Prix BrokerChooser [year] Le courtier n'est pas disponible en [countryTheName] Calculez la commission de transaction d'actions chez divers courtiers. Découvrez les meilleurs courtiers en [country] Compléter le questionnaire Trouver Mon Courtier Calculateur de frais FX Courtiers à éviter [Broker name] Les frais [param name] sont à peu près la moitié de la moyenne de l'industrie. [firstBrokerName] vs [secondBrokerName] comparés [number] courtier disponible en [countryName] [number] personnes ont choisi ce courtier chez BrokerChooser au cours des 6 derniers mois Les frais [param name] sont calculés comme suit : [param description] [popularity] personnes ont choisi ce courtier.","Plus de 15555 500 personnes ont déjà trouvé un courtier via cet outil! Les fonds communs de placement sont disponibles les meilleurs courtiers à terme accès aux threads archivés sont uniquement disponibles pour les utilisateurs enregistrés. Sans cela, nous ne pouvons les garder que pour vous pendant 1 mois. À travers [les points de données] + des alternatives de critères à [Brokername] disponibles dans [CountryName] Best Forex Brokers Best Stock Trading Apps BrokerChoOser Awards [Year] Broker n'est pas disponible dans [CountryThename] Calculer la Commission du commerce d'origine chez divers courtiers. Consultez les meilleurs courtiers de [pays] Complete Find My Broker Questionnaire FX FREA CALCULATEUR Les courtiers d'escroquerie pour éviter [le nom du courtier] [Nom] param] sont environ la moitié de la moyenne de l'industrie. [FirstBrokername] vs [SecondBrokername] Comparé [Numéro] courtier disponible dans [CountryName] [Numéro] Les gens ont choisi ce courtier chez BrokerChooser au cours des 6 derniers mois [Nom de Param] Les frais sont calculés comme suit: [Param Description] [Popularité] Les gens ont choisi ce courtier",0.44028660560363475,0.6994178494607368,0.9856459330143541,0.7522123893805309
"15+ years track record 125,500 people already found a broker via this tool! Mutual funds are available Best futures brokers Access to archived threads is only available to registered users. Without this, we can only keep them for you for 1 month. across [dataPoints]+ criteria Alternatives to [brokerName] Available in [countryName] Best forex brokers Best stock trading apps BrokerChooser Awards [year] Broker is not available in [countryTheName] Calculate stock trade commission at various brokers. Check out the best brokers in [country] Complete Find My Broker questionnaire FX Fee Calculator Scam brokers to avoid [Broker name] [param name] fees are about half of the industry average. [firstBrokerName] vs [secondBrokerName] compared [number] available broker in [countryName] [number] people picked this broker at BrokerChooser in the last 6 months [param name] fees are calculated as follows: [param description] [popularity] people chose this broker",OpenAI,German,"15+ Jahre Erfolgsbilanz 125.500 Menschen haben bereits über dieses Tool einen Broker gefunden! Investmentfonds sind verfügbar Beste Futures-Broker Zugriff auf archivierte Threads ist nur registrierten Nutzern vorbehalten. Ohne diese Registrierung können wir sie nur für 1 Monat für Sie aufbewahren. nach [dataPoints]+ Kriterien Alternativen zu [brokerName] Verfügbar in [countryName] Beste Forex-Broker Beste Aktienhandels-Apps BrokerChooser Awards [year] Broker ist nicht verfügbar in [countryTheName] Berechnen Sie die Aktienhandelsprovisionen bei verschiedenen Brokern. Schauen Sie sich die besten Broker in [country] an Vollständiger ""Finde meinen Broker""-Fragebogen FX Gebührenrechner Betrugsbroker, die vermieden werden sollten [Broker name] [param name] Gebühren liegen bei etwa der Hälfte des Branchendurchschnitts. [firstBrokerName] vs [secondBrokerName] verglichen [number] verfügbarer Broker in [countryName] [number] Personen haben diesen Broker bei BrokerChooser in den letzten 6 Monaten gewählt [param name] Gebühren werden wie folgt berechnet: [param description] [popularity] Personen haben diesen Broker gewählt","15+ Jahre Track Record 125.500 Personen haben bereits einen Broker über dieses Tool gefunden! Investmentfonds sind verfügbar. Beste Futures -Broker -Zugriff auf archivierte Threads steht für registrierte Benutzer nur zur Verfügung. Ohne dies können wir sie nur 1 Monat lang für Sie behalten. In [DataPoints]+ Kriterien Alternativen zu [Brokername] in [CountryName] Best Forex Brokers Best Stock Trading Apps BrokerChooser Awards [Jahr] Makler ist in [CountryThename] nicht verfügbar. Berechnen Sie die Aktienhandelskommission bei verschiedenen Brokern. Schauen Sie sich die besten Makler in [Land] ab, um meinen Broker -Fragebogen FX Fee Calculator -Betrüger zu finden, um zu vermeiden. [FirstBrokername] vs [Secondbrokername] verglich [Nummer] verfügbarer Broker in [CountryName] [Nummer] Die Leute haben diesen Broker in den letzten 6 Monaten bei BrokerChooser ausgewählt",0.31350753697790995,0.6096093460958327,0.8342541436464088,0.5963302752293578
"15+ years track record 125,500 people already found a broker via this tool! Mutual funds are available Best futures brokers Access to archived threads is only available to registered users. Without this, we can only keep them for you for 1 month. across [dataPoints]+ criteria Alternatives to [brokerName] Available in [countryName] Best forex brokers Best stock trading apps BrokerChooser Awards [year] Broker is not available in [countryTheName] Calculate stock trade commission at various brokers. Check out the best brokers in [country] Complete Find My Broker questionnaire FX Fee Calculator Scam brokers to avoid [Broker name] [param name] fees are about half of the industry average. [firstBrokerName] vs [secondBrokerName] compared [number] available broker in [countryName] [number] people picked this broker at BrokerChooser in the last 6 months [param name] fees are calculated as follows: [param description] [popularity] people chose this broker",OpenAI,Japanese,"15年以上の実績 125,500人がすでにこのツールでブローカーを見つけました！ ミューチュアルファンドが利用可能です 最適な先物ブローカー アーカイブされたスレッドへのアクセスは登録ユーザーのみが可能です。これがないと、1か月間しか保持できません。 [dataPoints]+ の基準で [brokerName] の代替案 [countryName] で利用可能 最適な外国為替ブローカー 最適な株式取引アプリ BrokerChooser Awards [year] ブローカーは [countryTheName] で利用できません。 各ブローカーでの株式取引手数料を計算してください。 [country] で最適なブローカーをチェックしてください。 Find My Brokerアンケートを完了 FX手数料計算機 避けるべき詐欺ブローカー [Broker name] [param name] の手数料は業界平均の約半分です。 [firstBrokerName] 対 [secondBrokerName] の比較 [countryName] で利用可能なブローカー [number] BrokerChooserで過去6か月以内にこのブローカーを選んだ人は [number] 人です [param name] の手数料は次のように計算されます: [param description] [popularity] 人がこのブローカーを選びました","15年以上の実績125,500人がすでにこのツールを介してブローカーを見つけました！ ミューチュアルファンドは利用可能です。 これがなければ、私たちはあなたのために1ヶ月しか保持できません。 [datapoints]+基準を越えて[Brokername]の代替手段[CountryName]で利用可能なBest Forex Brokers Best Stock Trading Apps BrokerChooser Awards [Year] Brokerは、さまざまなブローカーで株式取引委員会を計算することはできません。 [国]で最高のブローカーをご覧ください。完全なブローカーアンケートFX料金計算詐欺ブローカーを見つけて、[ブローカー名] [パラメーション名]料金は業界平均の約半分です。 [FirstBrokername] vs [SecondBrokername]比較[number] Broker in [countryName] [number]人々は、過去6か月間にBrokerChooserでこのブローカーを選んだ[パラメート名]手数料は次のように計算されます：[パラメーション説明] [人気]人々はこのブローカーを選びました",0.14652337896887632,0.45190022031539895,0.8313253012048193,0.2553191489361702
"15+ years track record 125,500 people already found a broker via this tool! Mutual funds are available Best futures brokers Access to archived threads is only available to registered users. Without this, we can only keep them for you for 1 month. across [dataPoints]+ criteria Alternatives to [brokerName] Available in [countryName] Best forex brokers Best stock trading apps BrokerChooser Awards [year] Broker is not available in [countryTheName] Calculate stock trade commission at various brokers. Check out the best brokers in [country] Complete Find My Broker questionnaire FX Fee Calculator Scam brokers to avoid [Broker name] [param name] fees are about half of the industry average. [firstBrokerName] vs [secondBrokerName] compared [number] available broker in [countryName] [number] people picked this broker at BrokerChooser in the last 6 months [param name] fees are calculated as follows: [param description] [popularity] people chose this broker",OpenAI,Arabic,"سجل لأكثر من 15 عامًا 125,500 شخصًا وجدوا وسيطًا بالفعل عبر هذه الأداة! الصناديق المشتركة متاحة أفضل وسطاء العقود الآجلة الوصول إلى المواضيع المؤرشفة متاح فقط للمستخدمين المسجلين. بدون هذا، يمكننا الاحتفاظ بها لك لمدة شهر واحد فقط. عبر [dataPoints]+ معايير بدائل لـ [brokerName] متاحة في [countryName] أفضل وسطاء الفوركس أفضل تطبيقات تداول الأسهم جوائز BrokerChooser [year] وسيط غير متاح في [countryTheName] حساب عمولة تداول الأسهم لدى مختلف الوسطاء. تحقق من أفضل الوسطاء في [country] أكمل استبيان العثور على وسيطي حاسبة رسوم الفوركس الوسطاء المحتالين لتجنبهم [Broker name] رسوم [param name] حوالي نصف متوسط القطاع. مقارنة [firstBrokerName] ضد [secondBrokerName] مقارنة [number] وسيط متاح في [countryName] [number] شخص اختار هذا الوسيط في BrokerChooser في الأشهر الستة الماضية يتم حساب رسوم [param name] كالتالي: [param description] [popularity] شخص اختار هذا الوسيط",15+ سنة سجل سجل 125،500 شخص وجدوا بالفعل وسيط عبر هذه الأداة! تتوفر صناديق الاستثمار المشتركة بين أفضل الوسطاء المستقبليين الوصول إلى المواضيع المؤرشفة متاحة فقط للمستخدمين المسجلين. بدون هذا ، لا يمكننا الاحتفاظ بها فقط لك لمدة شهر واحد. عبر [DataPoints]+ معايير بدائل لـ [BrokerName] المتاحة في [CountryName] أفضل وسطاء الفوركس أفضل جوائز تداول الأسهم في الأسهم ، لا يتوفر وسيط في [CountryThename] حساب لجنة تجارة الأسهم في مختلف الوسطاء. تحقق من أفضل الوسطاء في [Country] Complete Find My Broker الاستبيان الخاص بي ، وسطاء الخداع للرسوم FX لتجنب [اسم الوسيط] [الاسم البارم] حوالي نصف متوسط ​​الصناعة. [firstbrokername] مقابل [secondbrokername] قارن [الرقم] الوسيط المتاح في [countryname] [رقم] اختار الأشخاص هذا الوسيط في BrokerChooser في الأشهر الستة الأخيرة [الاسم البارم] يتم حساب الرسوم على النحو التالي: [Param Description] [شعبية] اختار الناس هذا الوسيط,0.38600559439148774,0.6341357035280536,0.9882352941176471,0.6767676767676768
"15+ years track record 125,500 people already found a broker via this tool! Mutual funds are available Best futures brokers Access to archived threads is only available to registered users. Without this, we can only keep them for you for 1 month. across [dataPoints]+ criteria Alternatives to [brokerName] Available in [countryName] Best forex brokers Best stock trading apps BrokerChooser Awards [year] Broker is not available in [countryTheName] Calculate stock trade commission at various brokers. Check out the best brokers in [country] Complete Find My Broker questionnaire FX Fee Calculator Scam brokers to avoid [Broker name] [param name] fees are about half of the industry average. [firstBrokerName] vs [secondBrokerName] compared [number] available broker in [countryName] [number] people picked this broker at BrokerChooser in the last 6 months [param name] fees are calculated as follows: [param description] [popularity] people chose this broker",OpenAI,Hindi,"15+ साल का ट्रैक रिकॉर्ड 125,500 लोगों ने पहले ही इस टूल के माध्यम से एक ब्रोकर पाया है! म्यूचुअल फंड उपलब्ध हैं बेस्ट फ्यूचर्स ब्रोकर्स पंजीकृत उपयोगकर्ताओं के लिए संग्रहीत थ्रेड्स तक पहुंच ही उपलब्ध है। इसके बिना, हम केवल उन्हें आपके लिए 1 महीने तक ही रख सकते हैं। [dataPoints]+ मानदंडों के अनुसार [brokerName] के विकल्प उपलब्ध [countryName] में सर्वश्रेष्ठ फोरेक्स ब्रोकर्स सर्वश्रेष्ठ स्टॉक ट्रेडिंग ऐप्स BrokerChooser अवार्ड्स [year] ब्रोकर [countryTheName] में उपलब्ध नहीं है विभिन्न ब्रोकर्स पर स्टॉक ट्रेड कमीशन की गणना करें। [country] में सर्वश्रेष्ठ ब्रोकर्स की जाँच करें अपना ब्रोकर खोजें प्रश्नावली पूरा करें FX शुल्क कैलकुलेटर घोटालेबाज ब्रोकरों से बचें [Broker name] [param name] शुल्क उद्योग औसत के लगभग आधे हैं। [firstBrokerName] बनाम [secondBrokerName] की तुलना [number] उपलब्ध ब्रोकर [countryName] में [number] लोगों ने पिछले 6 महीनों में BrokerChooser पर इस ब्रोकर को चुना [param name] शुल्क इस प्रकार गणना किए जाते हैं: [param description] [popularity] लोगों ने इस ब्रोकर को चुना।","15+ साल का ट्रैक रिकॉर्ड 125,500 लोगों ने पहले से ही इस उपकरण के माध्यम से एक ब्रोकर पाया! म्यूचुअल फंड उपलब्ध हैं बेस्ट फ्यूचर्स ब्रोकर्स एक्सेस टू आर्काइव्ड थ्रेड्स केवल पंजीकृत उपयोगकर्ताओं के लिए उपलब्ध है। इसके बिना, हम केवल उन्हें 1 महीने के लिए रख सकते हैं। [DataPoints]+ मानदंड के विकल्प [ब्रोकेर्नम] के लिए [देशनाम] में उपलब्ध है [Brokername] सर्वश्रेष्ठ विदेशी मुद्रा दलालों में सर्वश्रेष्ठ स्टॉक ट्रेडिंग ऐप्स ब्रोकरचॉसर अवार्ड्स [वर्ष] ब्रोकर उपलब्ध नहीं है [CountryThename] विभिन्न ब्रोकरों में स्टॉक ट्रेड कमीशन की गणना करें। [देश] में सर्वश्रेष्ठ ब्रोकरों की जाँच करें, मेरे ब्रोकर प्रश्नावली एफएक्स शुल्क कैलकुलेटर घोटाले दलालों को पूरा करें [ब्रोकर नाम] [परम नाम] फीस उद्योग औसत के लगभग आधे हैं। ]",0.30724957110537926,0.6379943748931303,0.7164948453608248,0.6666666666666666
"15+ years track record 125,500 people already found a broker via this tool! Mutual funds are available Best futures brokers Access to archived threads is only available to registered users. Without this, we can only keep them for you for 1 month. across [dataPoints]+ criteria Alternatives to [brokerName] Available in [countryName] Best forex brokers Best stock trading apps BrokerChooser Awards [year] Broker is not available in [countryTheName] Calculate stock trade commission at various brokers. Check out the best brokers in [country] Complete Find My Broker questionnaire FX Fee Calculator Scam brokers to avoid [Broker name] [param name] fees are about half of the industry average. [firstBrokerName] vs [secondBrokerName] compared [number] available broker in [countryName] [number] people picked this broker at BrokerChooser in the last 6 months [param name] fees are calculated as follows: [param description] [popularity] people chose this broker",OpenAI,Portuguese,"Mais de 15 anos de histórico 125.500 pessoas já encontraram um corretor através desta ferramenta! Fundos mútuos estão disponíveis Melhores corretores de futuros Acesso a tópicos arquivados está disponível apenas para usuários registrados. Sem isso, podemos mantê-los para você por apenas 1 mês. em mais de [dataPoints] critérios Alternativas para [brokerName] Disponível em [countryName] Melhores corretores de forex Melhores aplicativos de negociação de ações Prêmios BrokerChooser [year] Corretor não está disponível em [countryTheName] Calcule a comissão de negociação de ações em vários corretores. Confira os melhores corretores em [country] Questionário Complete Find My Broker Calculadora de Taxas de FX Corretoras fraudulentas para evitar [Broker name] as taxas de [param name] são cerca de metade da média do setor. [firstBrokerName] vs [secondBrokerName] comparado [number] corretor disponível em [countryName] [number] pessoas escolheram este corretor no BrokerChooser nos últimos 6 meses as taxas de [param name] são calculadas da seguinte forma: [param description] [popularity] pessoas escolheram este corretor","Mais de 15 anos de rastreamento de 125.500 pessoas já encontraram um corretor por meio dessa ferramenta! Os fundos mútuos estão disponíveis para os melhores corretores futuros, o acesso a threads arquivados está disponível apenas para usuários registrados. Sem isso, só podemos mantê -los para você por 1 mês. Em todo o [DataPoints]+ Critérios alternativas ao [Name Brokername] disponíveis no [CountryName] Best Forex Brokers Best Stock Trading Apps BrokerChooser Awards [Ano] Broker não está disponível no [CountryThename] Calcule com Comissão de Comércio de Estoque em vários corretores. Confira os melhores corretores do [país] completo Find My Broker Questionnaire FX Calculator Scam Brokers para evitar [nome do corretor] [nome do param] As taxas são cerca de metade da média da indústria. [FirstBrokername] vs [SecondBrokername] comparou [Número] Broker disponível em [CountryName] [Número] As pessoas escolheram esse corretor no BrokerCooser nos últimos 6 meses [Nome do Param] Taxas são calculadas da seguinte",0.3461146521594458,0.5872971810293748,0.9536082474226805,0.7692307692307693
"15+ years track record 125,500 people already found a broker via this tool! Mutual funds are available Best futures brokers Access to archived threads is only available to registered users. Without this, we can only keep them for you for 1 month. across [dataPoints]+ criteria Alternatives to [brokerName] Available in [countryName] Best forex brokers Best stock trading apps BrokerChooser Awards [year] Broker is not available in [countryTheName] Calculate stock trade commission at various brokers. Check out the best brokers in [country] Complete Find My Broker questionnaire FX Fee Calculator Scam brokers to avoid [Broker name] [param name] fees are about half of the industry average. [firstBrokerName] vs [secondBrokerName] compared [number] available broker in [countryName] [number] people picked this broker at BrokerChooser in the last 6 months [param name] fees are calculated as follows: [param description] [popularity] people chose this broker",DeepSeek,Spanish,"Here's the Spanish translation with all placeholders preserved exactly as in the original text:

```  
15+ años de trayectoria  
¡125.500 personas ya encontraron un bróker a través de esta herramienta!  
Fondos mutuos disponibles  
Mejores brókeres de futuros  
El acceso a hilos archivados solo está disponible para usuarios registrados. Sin esto, solo podemos conservarlos durante 1 mes.  
en más de [dataPoints] criterios  
Alternativas a [brokerName]  
Disponible en [countryName]  
Mejores brókeres de forex  
Mejores aplicaciones para operar en bolsa  
Premios BrokerChooser [year]  
El bróker no está disponible en [countryTheName]  
Calcula la comisión por operación en acciones en varios brókeres.  
Consulta los mejores brókeres en [country]  
Completa el cuestionario Find My Broker  
Calculadora de comisiones por FX  
Brókeres fraudulentos que debes evitar [Broker name] [param name]  
Las comisiones [param name] son aproximadamente la mitad del promedio de la industria.  
[firstBrokerName] vs [secondBrokerName] comparados  
[number] bróker disponible en [countryName]  
[number] personas eligieron este bróker en BrokerChooser en los últimos 6 meses  
Las comisiones [param name] se calculan de la siguiente manera: [param description]  
[popularity] personas eligieron este bróker  
```  

All placeholders (e.g., [dataPoints], [brokerName], [dataPoints], [brokerName] if present) remain unchanged from the original structure.","¡Más de 15 años rastrean 125,500 personas ya encontraron un corredor a través de esta herramienta! Los fondos mutuos están disponibles para los mejores corredores de futuros, el acceso a los hilos archivados solo está disponible para usuarios registrados. Sin esto, solo podemos mantenerlos para usted durante 1 mes. A través de [DataPoints]+ alternativas de criterios a [Brokername] disponibles en [CountryName] Best Forex Brokers Mejores premios BrokerCooser de aplicaciones de comercio de acciones [año] Broker no está disponible en [Countrythename] Calcule la comisión de comercio de valores en varios corredores. Consulte a los mejores corredores en [país] Complete Encuentre el cuestionario de mi corredor FX FX CALET CALCLUTORS BROKERS para evitar [las tarifas de [nombre de parámetro] son ​​aproximadamente la mitad del promedio de la industria. [FirstBrokername] vs [Secondbrokername] Comparado [Número] Broker disponible en [CountryName] [Número] Las personas eligieron a este corredor en BrokerChooser en los últimos 6 meses [Nombre de parámetro] Las tarifas se calculan de la siguiente manera: [Descripción de parámetro] [Popularidad] People eligió este corredor",0.3068313912063837,0.5314486964530899,0.832,0.5801526717557252
"15+ years track record 125,500 people already found a broker via this tool! Mutual funds are available Best futures brokers Access to archived threads is only available to registered users. Without this, we can only keep them for you for 1 month. across [dataPoints]+ criteria Alternatives to [brokerName] Available in [countryName] Best forex brokers Best stock trading apps BrokerChooser Awards [year] Broker is not available in [countryTheName] Calculate stock trade commission at various brokers. Check out the best brokers in [country] Complete Find My Broker questionnaire FX Fee Calculator Scam brokers to avoid [Broker name] [param name] fees are about half of the industry average. [firstBrokerName] vs [secondBrokerName] compared [number] available broker in [countryName] [number] people picked this broker at BrokerChooser in the last 6 months [param name] fees are calculated as follows: [param description] [popularity] people chose this broker",DeepSeek,French,"Voici la traduction du texte en français, avec les espaces réservés conservés tels quels :

'15+ ans d'expérience  
125 500 personnes ont déjà trouvé un courtier via cet outil !  
Fonds communs de placement disponibles  
Meilleurs courtiers en contrats à terme  
L'accès aux discussions archivées est réservé aux utilisateurs enregistrés. Sans cela, nous ne pouvons les conserver que pendant 1 mois.  
sur [dataPoints]+ critères  
Alternatives à [brokerName]  
Disponible dans [countryName]  
Meilleurs courtiers en forex  
Meilleures applications de trading d'actions  
Prix BrokerChooser [year]  
Le courtier n'est pas disponible dans [countryTheName]  
Calculez les commissions de transaction sur actions chez différents courtiers.  
Découvrez les meilleurs courtiers dans [country]  
Questionnaire Trouver mon courtier à remplir  
Calculateur de frais de FX  
Courtiers frauduleux à éviter [Broker name]  
Les frais [param name] représentent environ la moitié de la moyenne du secteur.  
[firstBrokerName] vs [secondBrokerName] comparés  
[number] courtier disponible dans [countryName]  
[number] personnes ont choisi ce courtier sur BrokerChooser au cours des 6 derniers mois  
Les frais [param name] sont calculés comme suit : [param description]  
[popularity] personnes ont choisi ce courtier'  

Tous les espaces réservés ([dataPoints] à [popularity]) ont été conservés conformément à la demande. Les nombres ont été adaptés aux conventions françaises (ex. espace comme séparateur de milliers).","Plus de 15555 500 personnes ont déjà trouvé un courtier via cet outil! Les fonds communs de placement sont disponibles les meilleurs courtiers à terme accès aux threads archivés sont uniquement disponibles pour les utilisateurs enregistrés. Sans cela, nous ne pouvons les garder que pour vous pendant 1 mois. À travers [les points de données] + des alternatives de critères à [Brokername] disponibles dans [CountryName] Best Forex Brokers Best Stock Trading Apps BrokerChoOser Awards [Year] Broker n'est pas disponible dans [CountryThename] Calculer la Commission du commerce d'origine chez divers courtiers. Consultez les meilleurs courtiers de [pays] Complete Find My Broker Questionnaire FX FREA CALCULATEUR Les courtiers d'escroquerie pour éviter [le nom du courtier] [Nom] param] sont environ la moitié de la moyenne de l'industrie. [FirstBrokername] vs [SecondBrokername] Comparé [Numéro] courtier disponible dans [CountryName] [Numéro] Les gens ont choisi ce courtier chez BrokerChooser au cours des 6 derniers mois [Nom de Param] Les frais sont calculés comme suit: [Param Description] [Popularité] Les gens ont choisi ce courtier",0.3226251639456295,0.5866765978782331,0.8110236220472441,0.574468085106383
"15+ years track record 125,500 people already found a broker via this tool! Mutual funds are available Best futures brokers Access to archived threads is only available to registered users. Without this, we can only keep them for you for 1 month. across [dataPoints]+ criteria Alternatives to [brokerName] Available in [countryName] Best forex brokers Best stock trading apps BrokerChooser Awards [year] Broker is not available in [countryTheName] Calculate stock trade commission at various brokers. Check out the best brokers in [country] Complete Find My Broker questionnaire FX Fee Calculator Scam brokers to avoid [Broker name] [param name] fees are about half of the industry average. [firstBrokerName] vs [secondBrokerName] compared [number] available broker in [countryName] [number] people picked this broker at BrokerChooser in the last 6 months [param name] fees are calculated as follows: [param description] [popularity] people chose this broker",DeepSeek,German,"Here's the translated text to German with placeholders preserved:

**15+ Jahre Erfolgsbilanz**  
**125.500 Personen haben bereits über dieses Tool einen Broker gefunden!**  
**Investmentfonds verfügbar**  
**Beste Futures-Broker**  
**Zugriff auf archivierte Threads ist nur für registrierte Benutzer verfügbar.**  
**Ohne dies können wir sie nur 1 Monat lang für Sie aufbewahren.**  
**über [dataPoints]+ Kriterien**  
**Alternativen zu [brokerName]**  
**Verfügbar in [countryName]**  
**Beste Forex-Broker**  
**Beste Aktienhandels-Apps**  
**BrokerChooser Awards [year]**  
**Broker ist in [countryTheName] nicht verfügbar**  
**Berechnen Sie die Aktienhandelsprovisionen bei verschiedenen Brokern.**  
**Entdecken Sie die besten Broker in [country]**  
**Vervollständigen Sie den Find My Broker-Fragebogen**  
**FX-Gebührenrechner**  
**Betrügerische Broker, die [Broker name] vermieden werden sollten**  
**[param name]-Gebühren sind etwa halb so hoch wie der Branchendurchschnitt.**  
**[firstBrokerName] vs [secondBrokerName] im Vergleich**  
**[number] verfügbarer Broker in [countryName]**  
**[number] Personen haben diesen Broker bei BrokerChooser in den letzten 6 Monaten ausgewählt**  
**[param name]-Gebühren werden wie folgt berechnet: [param description]**  
**[popularity] Personen haben diesen Broker gewählt**  

All placeholders (e.g., `[dataPoints]`, `[param name]`) remain unchanged, and numeric formats (e.g., `125.500`) follow German conventions.","15+ Jahre Track Record 125.500 Personen haben bereits einen Broker über dieses Tool gefunden! Investmentfonds sind verfügbar. Beste Futures -Broker -Zugriff auf archivierte Threads steht für registrierte Benutzer nur zur Verfügung. Ohne dies können wir sie nur 1 Monat lang für Sie behalten. In [DataPoints]+ Kriterien Alternativen zu [Brokername] in [CountryName] Best Forex Brokers Best Stock Trading Apps BrokerChooser Awards [Jahr] Makler ist in [CountryThename] nicht verfügbar. Berechnen Sie die Aktienhandelskommission bei verschiedenen Brokern. Schauen Sie sich die besten Makler in [Land] ab, um meinen Broker -Fragebogen FX Fee Calculator -Betrüger zu finden, um zu vermeiden. [FirstBrokername] vs [Secondbrokername] verglich [Nummer] verfügbarer Broker in [CountryName] [Nummer] Die Leute haben diesen Broker in den letzten 6 Monaten bei BrokerChooser ausgewählt",0.1751875833158184,0.5260416666666667,0.470404984423676,0.5158730158730159
"15+ years track record 125,500 people already found a broker via this tool! Mutual funds are available Best futures brokers Access to archived threads is only available to registered users. Without this, we can only keep them for you for 1 month. across [dataPoints]+ criteria Alternatives to [brokerName] Available in [countryName] Best forex brokers Best stock trading apps BrokerChooser Awards [year] Broker is not available in [countryTheName] Calculate stock trade commission at various brokers. Check out the best brokers in [country] Complete Find My Broker questionnaire FX Fee Calculator Scam brokers to avoid [Broker name] [param name] fees are about half of the industry average. [firstBrokerName] vs [secondBrokerName] compared [number] available broker in [countryName] [number] people picked this broker at BrokerChooser in the last 6 months [param name] fees are calculated as follows: [param description] [popularity] people chose this broker",DeepSeek,Japanese,"以下は日本語訳です（プレースホルダーはそのまま保持されています）:

15年以上の実績  
125,500人 がこのツールでブローカーを見つけました！  
投資信託が利用可能  
ベストな先物ブローカー  
アーカイブ化されたスレッドへのアクセスは登録ユーザーのみ可能です。登録がない場合、1か月間のみ保管されます。  
[dataPoints]以上の基準で比較  
[brokerName]の代替手段  
[countryName]で利用可能  
ベストなFXブローカー  
ベストな株式取引アプリ  
BrokerChooserアワード [year]  
[countryTheName]では利用不可のブローカー  
各ブローカーの株式取引手数料を計算  
[country]のベストブローカーをチェック  
「Find My Broker」アンケートを完了  
FX手数料計算機  
避けるべき詐欺ブローカー  
[Broker name]  
[param name]の手数料は業界平均の約半分です  
[firstBrokerName] vs [secondBrokerName] 比較  
[countryName]で利用可能な[number]ブローカー  
過去6か月間で[number]人が当サイトでこのブローカーを選択  
[param name]の手数料は以下のように計算されます: [param description]  
[popularity]人がこのブローカーを選択  

（数値表記・記号・改行位置・プレースホルダー形式（[dataPoints]など）を原文通り保持し、金融業界用語は日本の慣用表現に合わせて翻訳しています）","15年以上の実績125,500人がすでにこのツールを介してブローカーを見つけました！ ミューチュアルファンドは利用可能です。 これがなければ、私たちはあなたのために1ヶ月しか保持できません。 [datapoints]+基準を越えて[Brokername]の代替手段[CountryName]で利用可能なBest Forex Brokers Best Stock Trading Apps BrokerChooser Awards [Year] Brokerは、さまざまなブローカーで株式取引委員会を計算することはできません。 [国]で最高のブローカーをご覧ください。完全なブローカーアンケートFX料金計算詐欺ブローカーを見つけて、[ブローカー名] [パラメーション名]料金は業界平均の約半分です。 [FirstBrokername] vs [SecondBrokername]比較[number] Broker in [countryName] [number]人々は、過去6か月間にBrokerChooserでこのブローカーを選んだ[パラメート名]手数料は次のように計算されます：[パラメーション説明] [人気]人々はこのブローカーを選びました",0.24090604046706937,0.3431356119409805,0.7752808988764045,0.2653061224489796
"15+ years track record 125,500 people already found a broker via this tool! Mutual funds are available Best futures brokers Access to archived threads is only available to registered users. Without this, we can only keep them for you for 1 month. across [dataPoints]+ criteria Alternatives to [brokerName] Available in [countryName] Best forex brokers Best stock trading apps BrokerChooser Awards [year] Broker is not available in [countryTheName] Calculate stock trade commission at various brokers. Check out the best brokers in [country] Complete Find My Broker questionnaire FX Fee Calculator Scam brokers to avoid [Broker name] [param name] fees are about half of the industry average. [firstBrokerName] vs [secondBrokerName] compared [number] available broker in [countryName] [number] people picked this broker at BrokerChooser in the last 6 months [param name] fees are calculated as follows: [param description] [popularity] people chose this broker",DeepSeek,Arabic,"سجل حافل لأكثر من 15 عامًا  
وَجَدَ 125,500 شخصًا وسيطًا بالفعل عبر هذه الأداة!  
صناديق الاستثمار المشترك متاحة  
أفضل وسطاء تداول العقود الآجلة  
الوصول إلى الموضوعات المؤرشفة متاح فقط للمستخدمين المسجلين. بدون هذا، يمكننا الاحتفاظ بها لك لمدة شهر واحد فقط.  
عبر [dataPoints]+ معيارًا  
بدائل عن [brokerName]  
متاح في [countryName]  
أفضل وسطاء تداول الفوركس  
أفضل تطبيقات تداول الأسهم  
جوائز BrokerChooser [year]  
الوسيط غير متوفر في [countryTheName]  
احسب عمولة تداول الأسهم لدى الوسطاء المختلفين.  
اطلع على أفضل الوسطاء في [country]  
أكمل استبيان Find My Broker  
حاسبة رسوم الفوركس  
وسطاء احتيال يجب تجنبهم [Broker name]  
رسوم [param name] تبلغ حوالي نصف متوسط الصناعة.  
[firstBrokerName] مقابل [secondBrokerName] بالمقارنة  
[number] وسيطًا متاحًا في [countryName]  
اختار [number] شخصًا هذا الوسيط في BrokerChooser خلال الأشهر الـ6 الماضية  
رسوم [param name] يتم حسابها كما يلي: [param description]  
اختار [popularity] شخصًا هذا الوسيط  

تم الحفاظ على جميع العناصر النائبة ([dataPoints], [brokerName], [dataPoints]-[popularity]) كما هي دون تغيير.",15+ سنة سجل سجل 125،500 شخص وجدوا بالفعل وسيط عبر هذه الأداة! تتوفر صناديق الاستثمار المشتركة بين أفضل الوسطاء المستقبليين الوصول إلى المواضيع المؤرشفة متاحة فقط للمستخدمين المسجلين. بدون هذا ، لا يمكننا الاحتفاظ بها فقط لك لمدة شهر واحد. عبر [DataPoints]+ معايير بدائل لـ [BrokerName] المتاحة في [CountryName] أفضل وسطاء الفوركس أفضل جوائز تداول الأسهم التجارية في مجال تجارة الأسهم [السنة] الوسيط غير متاح في [CountryThename] حساب لجنة تجارة الأسهم في مختلف الوسطاء. تحقق من أفضل الوسطاء في [Country] Complete Find My Broker الاستبيان الخاص بي ، وسطاء الخداع للرسوم FX لتجنب [اسم الوسيط] [الاسم البارم] حوالي نصف متوسط ​​الصناعة. [firstbrokername] مقابل [secondbrokername] قارن [الرقم] الوسيط المتاح في [countryname] [رقم] اختار الأشخاص هذا الوسيط في BrokerChooser في الأشهر الستة الأخيرة [الاسم البارم] يتم حساب الرسوم على النحو التالي: [Param Description] [شعبية] اختار الناس هذا الوسيط,0.25331093413821504,0.4586579862694157,0.8663366336633663,0.5338983050847458
"15+ years track record 125,500 people already found a broker via this tool! Mutual funds are available Best futures brokers Access to archived threads is only available to registered users. Without this, we can only keep them for you for 1 month. across [dataPoints]+ criteria Alternatives to [brokerName] Available in [countryName] Best forex brokers Best stock trading apps BrokerChooser Awards [year] Broker is not available in [countryTheName] Calculate stock trade commission at various brokers. Check out the best brokers in [country] Complete Find My Broker questionnaire FX Fee Calculator Scam brokers to avoid [Broker name] [param name] fees are about half of the industry average. [firstBrokerName] vs [secondBrokerName] compared [number] available broker in [countryName] [number] people picked this broker at BrokerChooser in the last 6 months [param name] fees are calculated as follows: [param description] [popularity] people chose this broker",DeepSeek,Hindi,"Here’s the Hindi translation with placeholders preserved as requested:

'15+ वर्षों का ट्रैक रिकॉर्ड  
125,500 लोगों ने इस टूल के माध्यम से पहले ही एक ब्रोकर ढूंढ लिया है!  
म्यूचुअल फंड उपलब्ध हैं  
सर्वश्रेष्ठ फ्यूचर्स ब्रोकर्स  
आर्काइव्ड थ्रेड्स तक पहुंच केवल पंजीकृत उपयोगकर्ताओं के लिए उपलब्ध है। इसके बिना, हम उन्हें आपके लिए केवल 1 महीने तक रख सकते हैं।  
[dataPoints]+ मानदंडों में  
[brokerName] के विकल्प  
[countryName] में उपलब्ध  
सर्वश्रेष्ठ फॉरेक्स ब्रोकर्स  
सर्वश्रेष्ठ स्टॉक ट्रेडिंग ऐप्स  
ब्रोकरचूज़र अवार्ड्स [year]  
[countryTheName] में ब्रोकर उपलब्ध नहीं है  
विभिन्न ब्रोकर्स पर स्टॉक ट्रेड कमीशन की गणना करें।  
[country] में सर्वश्रेष्ठ ब्रोकर्स देखें  
कम्प्लीट फाइंड माय ब्रोकर प्रश्नावली  
एफएक्स फीस कैलकुलेटर  
[Broker name] से बचने के लिए स्कैम ब्रोकर्स  
[param name] फीस उद्योग के औसत से लगभग आधी है।  
[firstBrokerName] बनाम [secondBrokerName] की तुलना  
[countryName] में [number] उपलब्ध ब्रोकर  
पिछले 6 महीनों में [number] लोगों ने ब्रोकरचूज़र पर इस ब्रोकर को चुना  
[param name] फीस की गणना निम्नानुसार की जाती है: [param description]  
[popularity] लोगों ने इस ब्रोकर को चुना'  

All placeholders (e.g., `[dataPoints]`, `[brokerName]`) are retained as `[dataPoints]`, `[brokerName]`, etc., exactly as provided.","15+ साल का ट्रैक रिकॉर्ड 125,500 लोगों ने पहले से ही इस उपकरण के माध्यम से एक ब्रोकर पाया! म्यूचुअल फंड उपलब्ध हैं बेस्ट फ्यूचर्स ब्रोकर्स एक्सेस टू आर्काइव्ड थ्रेड्स केवल पंजीकृत उपयोगकर्ताओं के लिए उपलब्ध है। इसके बिना, हम केवल उन्हें 1 महीने के लिए रख सकते हैं। [DataPoints]+ मानदंड के विकल्प [ब्रोकेर्नम] के लिए [देशनाम] में उपलब्ध है [Brokername] सर्वश्रेष्ठ विदेशी मुद्रा दलालों में सर्वश्रेष्ठ स्टॉक ट्रेडिंग ऐप्स ब्रोकरचॉसर अवार्ड्स [वर्ष] ब्रोकर उपलब्ध नहीं है [CountryThename] विभिन्न ब्रोकरों में स्टॉक ट्रेड कमीशन की गणना करें। [देश] में सर्वश्रेष्ठ ब्रोकरों की जाँच करें। मेरे ब्रोकर प्रश्नावली एफएक्स शुल्क कैलकुलेटर घोटाले दलालों को पूरा करें [ब्रोकर नाम] [परम नाम] फीस उद्योग औसत के लगभग आधे हैं। ]",0.20106184160138268,0.5294182154361559,0.5655737704918032,0.5193798449612403
"15+ years track record 125,500 people already found a broker via this tool! Mutual funds are available Best futures brokers Access to archived threads is only available to registered users. Without this, we can only keep them for you for 1 month. across [dataPoints]+ criteria Alternatives to [brokerName] Available in [countryName] Best forex brokers Best stock trading apps BrokerChooser Awards [year] Broker is not available in [countryTheName] Calculate stock trade commission at various brokers. Check out the best brokers in [country] Complete Find My Broker questionnaire FX Fee Calculator Scam brokers to avoid [Broker name] [param name] fees are about half of the industry average. [firstBrokerName] vs [secondBrokerName] compared [number] available broker in [countryName] [number] people picked this broker at BrokerChooser in the last 6 months [param name] fees are calculated as follows: [param description] [popularity] people chose this broker",DeepSeek,Portuguese,"Aqui está a tradução para o português com os placeholders preservados:

""Histórico de mais de 15 anos  
125.500 pessoas já encontraram um corretor através desta ferramenta!  
Fundos mútuos disponíveis  
Melhores corretores de futuros  
O acesso a tópicos arquivados está disponível apenas para usuários registrados. Sem isso, só podemos mantê-los por 1 mês.  
em mais de [dataPoints] critérios  
Alternativas ao [brokerName]  
Disponível em [countryName]  
Melhores corretores de forex  
Melhores aplicativos para negociação de ações  
BrokerChooser Awards [year]  
Corretor não disponível em [countryTheName]  
Calcule a comissão de negociação de ações em vários corretores.  
Confira os melhores corretores em [country]  
Complete o questionário Find My Broker  
Calculadora de taxas de FX  
Corretores fraudulentos para evitar [Broker name]  
As taxas [param name] são cerca de metade da média do setor.  
[firstBrokerName] vs [secondBrokerName] comparados  
[number] corretor disponível em [countryName]  
[number] pessoas escolheram este corretor no BrokerChooser nos últimos 6 meses  
As taxas [param name] são calculadas da seguinte forma: [param description]  
[popularity] pessoas escolheram este corretor""

Todos os placeholders ([dataPoints] a [popularity]) foram mantidos exatamente como no original, e a formatação/números foram adaptados para as convenções em português (ex: ponto como separador de milhar).","Mais de 15 anos de rastreamento de 125.500 pessoas já encontraram um corretor por meio dessa ferramenta! Os fundos mútuos estão disponíveis para os melhores corretores futuros, o acesso a threads arquivados está disponível apenas para usuários registrados. Sem isso, só podemos mantê -los para você por 1 mês. Em todo o [DataPoints]+ Critérios alternativas ao [Name Brokername] disponíveis no [CountryName] Best Forex Brokers Best Stock Trading Apps BrokerChooser Awards [Ano] Broker não está disponível no [CountryThename] Calcule com Comissão de Comércio de Estoque em vários corretores. Confira os melhores corretores do [país] Find My Broker My Broker Questionna Calculadora de taxa FX Brokers para evitar [nome do corretor] [nome do param] As taxas são cerca de metade da média da indústria. [FirstBrokername] vs [SecondBrokername] comparou [Número] Broker disponível em [CountryName] [Número] As pessoas escolheram esse corretor no BrokerCooser nos últimos 6 meses [Nome do Param] Taxas são calculadas da seguinte",0.28931126234825266,0.5313481579584132,0.7695473251028807,0.6614173228346457
"15+ years track record 125,500 people already found a broker via this tool! Mutual funds are available Best futures brokers Access to archived threads is only available to registered users. Without this, we can only keep them for you for 1 month. across [dataPoints]+ criteria Alternatives to [brokerName] Available in [countryName] Best forex brokers Best stock trading apps BrokerChooser Awards [year] Broker is not available in [countryTheName] Calculate stock trade commission at various brokers. Check out the best brokers in [country] Complete Find My Broker questionnaire FX Fee Calculator Scam brokers to avoid [Broker name] [param name] fees are about half of the industry average. [firstBrokerName] vs [secondBrokerName] compared [number] available broker in [countryName] [number] people picked this broker at BrokerChooser in the last 6 months [param name] fees are calculated as follows: [param description] [popularity] people chose this broker",Anthropic,Spanish,"Here's the translation to Spanish, preserving all placeholders:

'Trayectoria de más de 15 años 125.500 personas ya encontraron un bróker a través de esta herramienta! Fondos mutuos disponibles Mejores brókeres de futuros El acceso a hilos archivados solo está disponible para usuarios registrados. Sin esto, solo podemos guardarlos para ti durante 1 mes. a través de más de [dataPoints] criterios Alternativas a [brokerName] Disponible en [countryName] Mejores brókeres de forex Mejores aplicaciones de trading de acciones Premios BrokerChooser [year] El bróker no está disponible en [countryTheName] Calcula la comisión de trading de acciones en varios brókeres. Echa un vistazo a los mejores brókeres en [country] Completa el cuestionario Encuentra Mi Bróker Calculadora de tarifas de FX Brókeres fraudulentos a evitar [Broker name] Las tarifas de [param name] son aproximadamente la mitad del promedio de la industria. [firstBrokerName] vs [secondBrokerName] comparados [number] bróker disponible en [countryName] [number] personas eligieron este bróker en BrokerChooser en los últimos 6 meses Las tarifas de [param name] se calculan de la siguiente manera: [param description] [popularity] personas eligieron este bróker'","¡Más de 15 años rastrean 125,500 personas ya encontraron un corredor a través de esta herramienta! Los fondos mutuos están disponibles para los mejores corredores de futuros, el acceso a los hilos archivados solo está disponible para usuarios registrados. Sin esto, solo podemos mantenerlos para usted durante 1 mes. A través de [DataPoints]+ alternativas de criterios a [Brokername] disponibles en [CountryName] Best Forex Brokers Mejores premios BrokerCooser de aplicaciones de comercio de acciones [año] Broker no está disponible en [Countrythename] Calcule la comisión de comercio de valores en varios corredores. Consulte a los mejores corredores en [país] Complete Encuentre el cuestionario de mi corredor FX FX CALET CALCLUTORS BROKERS para evitar [las tarifas de [nombre de parámetro] son ​​aproximadamente la mitad del promedio de la industria. [FirstBrokername] vs [Secondbrokername] Comparado [Número] Broker disponible en [CountryName] [Número] Las personas eligieron a este corredor en BrokerChooser en los últimos 6 meses [Nombre de parámetro] Las tarifas se calculan de la siguiente manera: [Descripción de parámetro] [Popularidad] People eligió este corredor",0.39621794312260933,0.7005754837161406,0.9541284403669725,0.6991150442477876
"15+ years track record 125,500 people already found a broker via this tool! Mutual funds are available Best futures brokers Access to archived threads is only available to registered users. Without this, we can only keep them for you for 1 month. across [dataPoints]+ criteria Alternatives to [brokerName] Available in [countryName] Best forex brokers Best stock trading apps BrokerChooser Awards [year] Broker is not available in [countryTheName] Calculate stock trade commission at various brokers. Check out the best brokers in [country] Complete Find My Broker questionnaire FX Fee Calculator Scam brokers to avoid [Broker name] [param name] fees are about half of the industry average. [firstBrokerName] vs [secondBrokerName] compared [number] available broker in [countryName] [number] people picked this broker at BrokerChooser in the last 6 months [param name] fees are calculated as follows: [param description] [popularity] people chose this broker",Anthropic,French,"Here's the translation in French, preserving all placeholders:

'Plus de 15 ans d'expérience 125 500 personnes ont déjà trouvé un courtier grâce à cet outil ! Fonds communs de placement disponibles Meilleurs courtiers en contrats à terme Accès aux fils de discussion archivés uniquement disponible pour les utilisateurs enregistrés. Sans cela, nous ne pouvons les conserver que pendant 1 mois. selon [dataPoints]+ critères Alternatives à [brokerName] Disponible en [countryName] Meilleurs courtiers forex Meilleures applications de trading d'actions Prix BrokerChooser [year] Le courtier n'est pas disponible en [countryTheName] Calculez les commissions de trading d'actions chez différents courtiers. Découvrez les meilleurs courtiers en [country] Remplissez le questionnaire Trouver Mon Courtier Calculateur de frais FX Courtiers frauduleux à éviter [Broker name] Les frais de [param name] sont environ la moitié de la moyenne du secteur. [firstBrokerName] vs [secondBrokerName] comparés [number] courtier disponible en [countryName] [number] personnes ont choisi ce courtier sur BrokerChooser au cours des 6 derniers mois Les frais de [param name] sont calculés comme suit : [param description] [popularity] personnes ont choisi ce courtier'","Plus de 15555 500 personnes ont déjà trouvé un courtier via cet outil! Les fonds communs de placement sont disponibles les meilleurs courtiers à terme accès aux threads archivés sont uniquement disponibles pour les utilisateurs enregistrés. Sans cela, nous ne pouvons les garder que pour vous pendant 1 mois. À travers [les points de données] + des alternatives de critères à [Brokername] disponibles dans [CountryName] Best Forex Brokers Best Stock Trading Apps BrokerChoOser Awards [Year] Broker n'est pas disponible dans [CountryThename] Calculer la Commission du commerce d'origine chez divers courtiers. Consultez les meilleurs courtiers de [pays] Complete Find My Broker Questionnaire FX FREA CALCULATEUR Les courtiers d'escroquerie pour éviter [le nom du courtier] [Nom] param] sont environ la moitié de la moyenne de l'industrie. [FirstBrokername] vs [SecondBrokername] Comparé [Numéro] courtier disponible dans [CountryName] [Numéro] Les gens ont choisi ce courtier chez BrokerChooser au cours des 6 derniers mois [Nom de Param] Les frais sont calculés comme suit: [Param Description] [Popularité] Les gens ont choisi ce courtier",0.3564884347308233,0.6908254630119521,0.958139534883721,0.664
"15+ years track record 125,500 people already found a broker via this tool! Mutual funds are available Best futures brokers Access to archived threads is only available to registered users. Without this, we can only keep them for you for 1 month. across [dataPoints]+ criteria Alternatives to [brokerName] Available in [countryName] Best forex brokers Best stock trading apps BrokerChooser Awards [year] Broker is not available in [countryTheName] Calculate stock trade commission at various brokers. Check out the best brokers in [country] Complete Find My Broker questionnaire FX Fee Calculator Scam brokers to avoid [Broker name] [param name] fees are about half of the industry average. [firstBrokerName] vs [secondBrokerName] compared [number] available broker in [countryName] [number] people picked this broker at BrokerChooser in the last 6 months [param name] fees are calculated as follows: [param description] [popularity] people chose this broker",Anthropic,German,"Here's the translation to German, preserving all placeholders:

'15+ Jahre Erfolgsbilanz 125.500 Menschen haben bereits über dieses Tool einen Broker gefunden! Investmentfonds sind verfügbar Beste Futures-Broker Der Zugriff auf archivierte Threads ist nur für registrierte Benutzer verfügbar. Ohne dies können wir sie nur 1 Monat lang für Sie aufbewahren. über [dataPoints]+ Kriterien Alternativen zu [brokerName] Verfügbar in [countryName] Beste Forex-Broker Beste Aktienhandels-Apps BrokerChooser Awards [year] Broker ist nicht verfügbar in [countryTheName] Berechnen Sie die Aktienhandelsprovisionen bei verschiedenen Brokern. Sehen Sie sich die besten Broker in [country] an Vollständigen Sie den Find My Broker Fragebogen FX-Gebührenrechner Zu vermeidende Betrüger-Broker [Broker name] [param name] Gebühren betragen etwa die Hälfte des Branchendurchschnitts. [firstBrokerName] vs [secondBrokerName] im Vergleich [number] verfügbarer Broker in [countryName] [number] Menschen haben diesen Broker in den letzten 6 Monaten bei BrokerChooser ausgewählt [param name] Gebühren werden wie folgt berechnet: [param description] [popularity] Menschen haben diesen Broker gewählt'","15+ Jahre Track Record 125.500 Personen haben bereits einen Broker über dieses Tool gefunden! Investmentfonds sind verfügbar. Beste Futures -Broker -Zugriff auf archivierte Threads steht für registrierte Benutzer nur zur Verfügung. Ohne dies können wir sie nur 1 Monat lang für Sie behalten. In [DataPoints]+ Kriterien Alternativen zu [Brokername] in [CountryName] Best Forex Brokers Best Stock Trading Apps BrokerChooser Awards [Jahr] Makler ist in [CountryThename] nicht verfügbar. Berechnen Sie die Aktienhandelskommission bei verschiedenen Brokern. Schauen Sie sich die besten Makler in [Land] ab, um meinen Broker -Fragebogen FX Fee Calculator -Betrüger zu finden, um zu vermeiden. [FirstBrokername] vs [Secondbrokername] verglich [Nummer] verfügbarer Broker in [CountryName] [Nummer] Die Leute haben diesen Broker in den letzten 6 Monaten bei BrokerChooser ausgewählt",0.3438849862225191,0.5930309610572536,0.7947368421052632,0.5614035087719298
"15+ years track record 125,500 people already found a broker via this tool! Mutual funds are available Best futures brokers Access to archived threads is only available to registered users. Without this, we can only keep them for you for 1 month. across [dataPoints]+ criteria Alternatives to [brokerName] Available in [countryName] Best forex brokers Best stock trading apps BrokerChooser Awards [year] Broker is not available in [countryTheName] Calculate stock trade commission at various brokers. Check out the best brokers in [country] Complete Find My Broker questionnaire FX Fee Calculator Scam brokers to avoid [Broker name] [param name] fees are about half of the industry average. [firstBrokerName] vs [secondBrokerName] compared [number] available broker in [countryName] [number] people picked this broker at BrokerChooser in the last 6 months [param name] fees are calculated as follows: [param description] [popularity] people chose this broker",Anthropic,Japanese,"Here's the translation in Japanese, preserving all placeholders:

'15年以上の実績 すでに125,500人がこのツールを通じてブローカーを見つけました！ 投資信託が利用可能 最高の先物ブローカー アーカイブされたスレッドへのアクセスは登録ユーザーのみ利用可能です。これがないと、1か月間しか保持できません。 [dataPoints]以上の基準にわたって [brokerName]の代替案 [countryName]で利用可能 最高の外国為替ブローカー 最高の株式取引アプリ BrokerChooserアワード [year] ブローカーは[countryTheName]では利用できません 様々なブローカーでの株式取引手数料を計算します。 [country]の最高のブローカーをチェックしてください Find My Brokerアンケートに回答 FX手数料計算機 避けるべき詐欺ブローカー [Broker name] [param name]の手数料は業界平均の約半分です。 [firstBrokerName]と[secondBrokerName]の比較 [countryName]で利用可能な[number]ブローカー 過去6か月間にBrokerChooserで[number]人がこのブローカーを選びました [param name]の手数料は次のように計算されます：[param description] [popularity]人がこのブローカーを選びました'","15年以上の実績125,500人がすでにこのツールを介してブローカーを見つけました！ ミューチュアルファンドは利用可能です。 これがなければ、私たちはあなたのために1ヶ月しか保持できません。 [datapoints]+基準を越えて[Brokername]の代替手段[CountryName]で利用可能なBest Forex Brokers Best Stock Trading Apps BrokerChooser Awards [Year] Brokerは、さまざまなブローカーで株式取引委員会を計算することはできません。 [国]で最高のブローカーをご覧ください。完全なブローカーアンケートFX料金計算詐欺ブローカーを見つけて、[ブローカー名] [パラメーション名]料金は業界平均の約半分です。 [FirstBrokername] vs [SecondBrokername]比較[number] Broker in [countryName] [number]人々は、過去6か月間にBrokerChooserでこのブローカーを選んだ[パラメート名]手数料は次のように計算されます：[パラメーション説明] [人気]人々はこのブローカーを選びました",3.8108526459479516e-78,0.4245213849965923,0.7419354838709677,0.19642857142857142
"15+ years track record 125,500 people already found a broker via this tool! Mutual funds are available Best futures brokers Access to archived threads is only available to registered users. Without this, we can only keep them for you for 1 month. across [dataPoints]+ criteria Alternatives to [brokerName] Available in [countryName] Best forex brokers Best stock trading apps BrokerChooser Awards [year] Broker is not available in [countryTheName] Calculate stock trade commission at various brokers. Check out the best brokers in [country] Complete Find My Broker questionnaire FX Fee Calculator Scam brokers to avoid [Broker name] [param name] fees are about half of the industry average. [firstBrokerName] vs [secondBrokerName] compared [number] available broker in [countryName] [number] people picked this broker at BrokerChooser in the last 6 months [param name] fees are calculated as follows: [param description] [popularity] people chose this broker",Anthropic,Arabic,"Here's the Arabic translation with all placeholders preserved:

'سجل حافل لأكثر من 15 عامًا
وجد 125,500 شخص بالفعل وسيطًا عبر هذه الأداة!
الصناديق المشتركة متاحة
أفضل وسطاء العقود الآجلة
الوصول إلى المواضيع المؤرشفة متاح فقط للمستخدمين المسجلين. بدون ذلك، يمكننا الاحتفاظ بها لك لمدة شهر واحد فقط.
عبر [dataPoints]+ معيارًا
بدائل لـ [brokerName]
متاح في [countryName]
أفضل وسطاء الفوركس
أفضل تطبيقات تداول الأسهم
جوائز BrokerChooser [year]
الوسيط غير متاح في [countryTheName]
احسب عمولة تداول الأسهم لدى مختلف الوسطاء.
تحقق من أفضل الوسطاء في [country]
أكمل استبيان العثور على الوسيط الخاص بي
حاسبة رسوم الفوركس
وسطاء احتيال يجب تجنبهم
[Broker name]
رسوم [param name] تبلغ حوالي نصف متوسط الصناعة.
[firstBrokerName] مقابل [secondBrokerName] مقارنة
[number] وسيط متاح في [countryName]
اختار [number] شخص هذا الوسيط في BrokerChooser خلال الـ 6 أشهر الماضية
يتم احتساب رسوم [param name] على النحو التالي: [param description]
اختار [popularity] شخص هذا الوسيط'",15+ سنة سجل سجل 125،500 شخص وجدوا بالفعل وسيط عبر هذه الأداة! تتوفر صناديق الاستثمار المشتركة بين أفضل الوسطاء المستقبليين الوصول إلى المواضيع المؤرشفة متاحة فقط للمستخدمين المسجلين. بدون هذا ، لا يمكننا الاحتفاظ بها فقط لك لمدة شهر واحد. عبر [DataPoints]+ معايير بدائل لـ [BrokerName] المتاحة في [CountryName] أفضل وسطاء الفوركس أفضل جوائز تداول الأسهم التجارية في مجال تجارة الأسهم [السنة] الوسيط غير متاح في [CountryThename] حساب لجنة تجارة الأسهم في مختلف الوسطاء. تحقق من أفضل الوسطاء في [Country] Complete Find My Broker الاستبيان الخاص بي ، وسطاء الخداع للرسوم FX لتجنب [اسم الوسيط] [الاسم البارم] حوالي نصف متوسط ​​الصناعة. [firstbrokername] vs [secondbrokername] مقارنة [الرقم] الوسيط المتاح في [countryname] [رقم] اختار الأشخاص هذا الوسيط في BrokerChooser في الأشهر الستة الأخيرة [الاسم البارم] يتم حساب الرسوم على النحو التالي: [Param Description] [شعبية] اختار الناس هذا الوسيط,0.35457490806779424,0.6324441791948767,0.9408602150537635,0.5862068965517241
"15+ years track record 125,500 people already found a broker via this tool! Mutual funds are available Best futures brokers Access to archived threads is only available to registered users. Without this, we can only keep them for you for 1 month. across [dataPoints]+ criteria Alternatives to [brokerName] Available in [countryName] Best forex brokers Best stock trading apps BrokerChooser Awards [year] Broker is not available in [countryTheName] Calculate stock trade commission at various brokers. Check out the best brokers in [country] Complete Find My Broker questionnaire FX Fee Calculator Scam brokers to avoid [Broker name] [param name] fees are about half of the industry average. [firstBrokerName] vs [secondBrokerName] compared [number] available broker in [countryName] [number] people picked this broker at BrokerChooser in the last 6 months [param name] fees are calculated as follows: [param description] [popularity] people chose this broker",Anthropic,Hindi,"Here's the translation in Hindi, with all placeholders preserved:

'15+ वर्षों का ट्रैक रिकॉर्ड 125,500 लोगों ने पहले से ही इस टूल के माध्यम से एक ब्रोकर पाया है! म्यूचुअल फंड उपलब्ध हैं सर्वश्रेष्ठ फ्यूचर्स ब्रोकर्स आर्काइव किए गए थ्रेड्स तक पहुंच केवल पंजीकृत उपयोगकर्ताओं के लिए उपलब्ध है। इसके बिना, हम उन्हें आपके लिए केवल 1 महीने तक ही रख सकते हैं। [dataPoints]+ मानदंडों के आधार पर [brokerName] के विकल्प [countryName] में उपलब्ध सर्वश्रेष्ठ फॉरेक्स ब्रोकर्स सर्वश्रेष्ठ स्टॉक ट्रेडिंग ऐप्स ब्रोकरचूजर पुरस्कार [year] ब्रोकर [countryTheName] में उपलब्ध नहीं है विभिन्न ब्रोकरों पर स्टॉक ट्रेड कमीशन की गणना करें। [country] में सर्वश्रेष्ठ ब्रोकरों को देखें मेरा ब्रोकर प्रश्नावली पूरा करें FX शुल्क कैलकुलेटर बचने योग्य स्कैम ब्रोकर्स [Broker name] [param name] शुल्क उद्योग के औसत का लगभग आधा है। [firstBrokerName] बनाम [secondBrokerName] की तुलना [countryName] में [number] उपलब्ध ब्रोकर पिछले 6 महीनों में [number] लोगों ने ब्रोकरचूजर पर इस ब्रोकर को चुना [param name] शुल्क की गणना इस प्रकार की जाती है: [param description] [popularity] लोगों ने इस ब्रोकर को चुना'","15+ साल का ट्रैक रिकॉर्ड 125,500 लोगों ने पहले से ही इस उपकरण के माध्यम से एक ब्रोकर पाया! म्यूचुअल फंड उपलब्ध हैं बेस्ट फ्यूचर्स ब्रोकर्स एक्सेस टू आर्काइव्ड थ्रेड्स केवल पंजीकृत उपयोगकर्ताओं के लिए उपलब्ध है। इसके बिना, हम केवल उन्हें 1 महीने के लिए रख सकते हैं। [DataPoints]+ मानदंड के विकल्प [ब्रोकेर्नम] के लिए [देशनाम] में उपलब्ध है [Brokername] सर्वश्रेष्ठ विदेशी मुद्रा दलालों में सर्वश्रेष्ठ स्टॉक ट्रेडिंग ऐप्स ब्रोकरचॉसर अवार्ड्स [वर्ष] ब्रोकर उपलब्ध नहीं है [CountryThename] विभिन्न ब्रोकरों में स्टॉक ट्रेड कमीशन की गणना करें। [देश] में सर्वश्रेष्ठ ब्रोकरों की जाँच करें, मेरे ब्रोकर प्रश्नावली एफएक्स शुल्क कैलकुलेटर घोटाले दलालों को पूरा करें [ब्रोकर नाम] [परम नाम] फीस उद्योग औसत के लगभग आधे हैं। ]",0.26185077452349453,0.5649288139028221,0.6587677725118484,0.5619834710743802
"15+ years track record 125,500 people already found a broker via this tool! Mutual funds are available Best futures brokers Access to archived threads is only available to registered users. Without this, we can only keep them for you for 1 month. across [dataPoints]+ criteria Alternatives to [brokerName] Available in [countryName] Best forex brokers Best stock trading apps BrokerChooser Awards [year] Broker is not available in [countryTheName] Calculate stock trade commission at various brokers. Check out the best brokers in [country] Complete Find My Broker questionnaire FX Fee Calculator Scam brokers to avoid [Broker name] [param name] fees are about half of the industry average. [firstBrokerName] vs [secondBrokerName] compared [number] available broker in [countryName] [number] people picked this broker at BrokerChooser in the last 6 months [param name] fees are calculated as follows: [param description] [popularity] people chose this broker",Anthropic,Portuguese,"Here's the translation to Portuguese, with all placeholders preserved:

'Histórico de mais de 15 anos 125.500 pessoas já encontraram um corretor através desta ferramenta! Fundos mútuos estão disponíveis Melhores corretores de futuros O acesso a tópicos arquivados está disponível apenas para usuários registrados. Sem isso, só podemos mantê-los para você por 1 mês. em mais de [dataPoints] critérios Alternativas para [brokerName] Disponível em [countryName] Melhores corretores de forex Melhores aplicativos de negociação de ações Prêmios BrokerChooser [year] Corretor não está disponível em [countryTheName] Calcule a comissão de negociação de ações em vários corretores. Confira os melhores corretores em [country] Complete o questionário Encontre Meu Corretor Calculadora de Taxas FX Corretores fraudulentos a evitar [Broker name] As taxas da [param name] são cerca de metade da média do setor. [firstBrokerName] vs [secondBrokerName] comparados [number] corretor disponível em [countryName] [number] pessoas escolheram este corretor na BrokerChooser nos últimos 6 meses As taxas da [param name] são calculadas da seguinte forma: [param description] [popularity] pessoas escolheram este corretor'","Mais de 15 anos de rastreamento de 125.500 pessoas já encontraram um corretor por meio dessa ferramenta! Os fundos mútuos estão disponíveis para os melhores corretores futuros, o acesso a threads arquivados está disponível apenas para usuários registrados. Sem isso, só podemos mantê -los para você por 1 mês. Em todo o [DataPoints]+ Critérios alternativas ao [Name Brokername] disponíveis no [CountryName] Best Forex Brokers Best Stock Trading Apps BrokerChooser Awards [Ano] Broker não está disponível no [CountryThename] Calcule com Comissão de Comércio de Estoque em vários corretores. Confira os melhores corretores do [país] completo Find My Broker Questionnaire FX Calculator Scam Brokers para evitar [nome do corretor] [nome do param] As taxas são cerca de metade da média da indústria. [FirstBrokername] vs [SecondBrokername] comparou [Número] Broker disponível em [CountryName] [Número] As pessoas escolheram esse corretor no BrokerCooser nos últimos 6 meses [Nome do Param] Taxas são calculadas da seguinte",0.3337942259937371,0.6029503074884817,0.8894230769230769,0.6810344827586207
